Model,R²,MAE,RMSE,MAPE
Decision Tree,0.813708096560272,0.59587650974375,0.7308307294387754,16.01589507225935
XGBoost,0.9017438117674446,0.42067749530165094,0.5307619315558282,12.186352428712377
